{
  "cli": {
    "version": ">=7.0.0",
    "appVersionSource": "remote"
  },
  "build": {
    "production": {
      "distribution": "store",
      "env": {},
      "android": {
        "credentialsSource": "local"
      },
      "autoIncrement": true
    }
  },
  "submit": {
    "production": {
      "ios": {
        "ascAppId": "6747883630",
        "ascApiKeyPath": "./apple.p8",
        "ascApiKeyId": "7NC4523HCC",
        "ascApiKeyIssuerId": "e6b131b9-4630-4cf6-8115-489f5d8c5a13",
        "appleTeamId": " GB8X77U9VW"
      },
      "android": {
        "track": "internal",
        "serviceAccountKeyPath": "./google.json",
        "changesNotSentForReview": true,
        "releaseStatus": "draft"
      }
    }
  }
}